name,state,cdate
A/Sydney/153/2016|EPI_ISL_233282|NSW|2016-07-03,NSW,2016-07-03
A/Sydney/134/2016|EPI_ISL_233281|NSW|2016-07-09,NSW,2016-07-09
A/Victoria/512/2016|EPI_ISL_233279|VIC|2016-07-13,VIC,2016-07-13
A/Newcastle/67/2016|EPI_ISL_233278|NSW|2016-07-29,NSW,2016-07-29
A/Victoria/7/2016|EPI_ISL_233277|VIC|2016-06-06,VIC,2016-06-06
A/Sydney/96/2016|EPI_ISL_233276|NSW|2016-05-13,NSW,2016-05-13
A/Newcastle/53/2016|EPI_ISL_233242|NSW|2016-07-17,NSW,2016-07-17
A/SouthAustralia/35/2016|EPI_ISL_233234|SA|2016-06-20,SA,2016-06-20
A/SouthAustralia/41/2016|EPI_ISL_233231|SA|2016-07-02,SA,2016-07-02
A/SouthAustralia/39/2016|EPI_ISL_233229|SA|2016-07-03,SA,2016-07-03
A/SouthAustralia/38/2016|EPI_ISL_233228|SA|2016-07-03,SA,2016-07-03
A/Victoria/12/2016|EPI_ISL_233226|VIC|2016-06-18,VIC,2016-06-18
A/Newcastle/43/2016|EPI_ISL_233224|NSW|2016-06-07,NSW,2016-06-07
A/Brisbane/6/2016|EPI_ISL_222827|QLD|2016-01-04,QLD,2016-01-04
A/SouthAustralia/9/2015|EPI_ISL_222826|SA|2015,SA,2015
A/SouthAustralia/3/2016|EPI_ISL_222804|SA|2016-01-03,SA,2016-01-03
A/Sydney/29/2016|EPI_ISL_222803|NSW|2016-01-10,NSW,2016-01-10
A/Brisbane/183/2015|EPI_ISL_222800|QLD|2015-10-13,QLD,2015-10-13
A/Sydney/9/2016|EPI_ISL_222799|NSW|2016-01-08,NSW,2016-01-08
A/Brisbane/6/2012|EPI_ISL_222264|QLD|2012-02-02,QLD,2012-02-02
A/Brisbane/1/2012|EPI_ISL_222263|QLD|2012-01-06,QLD,2012-01-06
A/Victoria/506/2013|EPI_ISL_219323|VIC|2013-06-16,VIC,2013-06-16
A/Victoria/505/2013|EPI_ISL_219322|VIC|2013-06-17,VIC,2013-06-17
A/Victoria/504/2013|EPI_ISL_219329|VIC|2013-06-17,VIC,2013-06-17
A/Victoria/710/2013|EPI_ISL_219313|VIC|2013-02-03,VIC,2013-02-03
A/SouthAustralia/40/2014|EPI_ISL_219310|SA|2014-06-20,SA,2014-06-20
A/SouthAustralia/24/2014|EPI_ISL_219307|SA|2014-06-08,SA,2014-06-08
A/SouthAustralia/2/2013|EPI_ISL_219304|SA|2013-01-09,SA,2013-01-09
A/Perth/98/2013|EPI_ISL_219292|WA|2013-08-05,WA,2013-08-05
A/Perth/239/2013|EPI_ISL_219291|WA|2013-09-26,WA,2013-09-26
A/Perth/2/2014|EPI_ISL_219290|WA|2014-01-01,WA,2014-01-01
A/Newcastle/1/2013|EPI_ISL_219288|NSW|2013-01-14,NSW,2013-01-14
A/Canberra/3/2014|EPI_ISL_219280|ACT|2014-01-27,ACT,2014-01-27
A/Canberra/2/2014|EPI_ISL_219279|ACT|2014-01-23,ACT,2014-01-23
A/Brisbane/1/2013|EPI_ISL_219278|QLD|2013-01-03,QLD,2013-01-03
A/Brisbane/21/2013|EPI_ISL_219275|QLD|2013-02-27,QLD,2013-02-27
A/Brisbane/341/2014|EPI_ISL_219046|QLD|2014-10-03,QLD,2014-10-03
A/Victoria/6001/2015|EPI_ISL_219040|VIC|2015-01-04,VIC,2015-01-04
A/Victoria/511/2015|EPI_ISL_219039|VIC|2015-05-16,VIC,2015-05-16
A/Victoria/503/2015|EPI_ISL_219038|VIC|2015-03-31,VIC,2015-03-31
A/Victoria/5006/2014|EPI_ISL_219037|VIC|2014-08-25,VIC,2014-08-25
A/Victoria/1000/2015|EPI_ISL_219035|VIC|2015-06-17,VIC,2015-06-17
A/Tasmania/1012/2015|EPI_ISL_219034|TAS|2015-08-04,TAS,2015-08-04
A/SouthAustralia/21/2015|EPI_ISL_219031|SA|2015-03-13,SA,2015-03-13
A/Brisbane/82/2015|EPI_ISL_219029|QLD|2015-04-22,QLD,2015-04-22
A/Brisbane/47/2015|EPI_ISL_219027|QLD|2015-03-18,QLD,2015-03-18
A/Brisbane/174/2015|EPI_ISL_219025|QLD|2015-09-07,QLD,2015-09-07
A/Victoria/455/2015|EPI_ISL_209074|VIC|2015-12-15,VIC,2015-12-15
A/Brisbane/195/2015|EPI_ISL_209073|QLD|2015-11-02,QLD,2015-11-02
A/Brisbane/197/2015|EPI_ISL_209072|QLD|2015-11-09,QLD,2015-11-09
A/Victoria/2071/2015|EPI_ISL_209048|VIC|2015-08-03,VIC,2015-08-03
A/Victoria/664/2015|EPI_ISL_209046|VIC|2015-09-22,VIC,2015-09-22
A/Perth/68/2015|EPI_ISL_202703|WA|2015-07-15,WA,2015-07-15
A/Sydney/1022/2015|EPI_ISL_202700|NSW|2015-08-20,NSW,2015-08-20
A/SouthAustralia/119/2015|EPI_ISL_202699|SA|2015-08-21,SA,2015-08-21
A/Victoria/3059/2015|EPI_ISL_202697|VIC|2015-09-04,VIC,2015-09-04
A/Tasmania/1007/2015|EPI_ISL_202694|TAS|2015-07-06,TAS,2015-07-06
A/Victoria/44/2015|EPI_ISL_202652|VIC|2015-08-07,VIC,2015-08-07
A/Victoria/23/2015|EPI_ISL_202641|VIC|2015-07-23,VIC,2015-07-23
A/Victoria/48/2015|EPI_ISL_202639|VIC|2015-08-10,VIC,2015-08-10
A/Sydney/1024/2015|EPI_ISL_202629|NSW|2015-08-20,NSW,2015-08-20
A/Sydney/1020/2015|EPI_ISL_202623|NSW|2015-08-21,NSW,2015-08-21
A/Tasmania/1014/2015|EPI_ISL_202610|TAS|2015-08-20,TAS,2015-08-20
A/Perth/116/2015|EPI_ISL_202609|WA|2015-07-15,WA,2015-07-15
A/Perth/114/2015|EPI_ISL_202608|WA|2015-07-07,WA,2015-07-07
A/Victoria/19/2015|EPI_ISL_202590|VIC|2015-07-17,VIC,2015-07-17
A/Victoria/17/2015|EPI_ISL_202588|VIC|2015-07-08,VIC,2015-07-08
A/Brisbane/1003/2015|EPI_ISL_202585|QLD|2015-07-28,QLD,2015-07-28
A/SouthAustralia/1016/2015|EPI_ISL_202579|SA|2015-08-03,SA,2015-08-03
A/Sydney/1030/2015|EPI_ISL_202455|NSW|2015-08-05,NSW,2015-08-05
A/Sydney/57/2015|EPI_ISL_198059|NSW|2015-06-19,NSW,2015-06-19
A/Brisbane/140/2015|EPI_ISL_198057|QLD|2015-07-06,QLD,2015-07-06
A/Victoria/823/2015|EPI_ISL_198044|VIC|2015-07-23,VIC,2015-07-23
A/Brisbane/132/2015|EPI_ISL_198031|QLD|2015-06-29,QLD,2015-06-29
A/Victoria/16/2015|EPI_ISL_198024|VIC|2015-07-09,VIC,2015-07-09
A/Victoria/15/2015|EPI_ISL_198023|VIC|2015-07-09,VIC,2015-07-09
A/Victoria/531/2015|EPI_ISL_198013|VIC|2015-06-28,VIC,2015-06-28
A/Victoria/535/2015|EPI_ISL_198010|VIC|2015-07-11,VIC,2015-07-11
A/Victoria/522/2015|EPI_ISL_198002|VIC|2015-06-30,VIC,2015-06-30
A/Victoria/519/2015|EPI_ISL_198000|VIC|2015-06-27,VIC,2015-06-27
A/Victoria/515/2015|EPI_ISL_197992|VIC|2015-06-28,VIC,2015-06-28
A/Brisbane/115/2015|EPI_ISL_197975|QLD|2015-06-09,QLD,2015-06-09
A/Sydney/1006/2015|EPI_ISL_197968|NSW|2015-06-18,NSW,2015-06-18
A/Brisbane/1000/2015|EPI_ISL_197966|QLD|2015-06-05,QLD,2015-06-05
A/Perth/43/2015|EPI_ISL_197959|WA|2015-05-21,WA,2015-05-21
A/Perth/24/2015|EPI_ISL_197953|WA|2015-03-19,WA,2015-03-19
A/Brisbane/74/2015|EPI_ISL_197941|QLD|2015-04-14,QLD,2015-04-14
A/SouthAustralia/64/2015|EPI_ISL_197940|SA|2015-05-22,SA,2015-05-22
A/Newcastle/4/2015|EPI_ISL_197927|NSW|2015-04-06,NSW,2015-04-06
A/SouthAustralia/60/2015|EPI_ISL_197923|SA|2015-05-03,SA,2015-05-03
A/Canberra/13/2015|EPI_ISL_197922|ACT|2015-03-23,ACT,2015-03-23
A/SouthAustralia/52/2015|EPI_ISL_197917|SA|2015-04-22,SA,2015-04-22
A/Victoria/509/2015|EPI_ISL_197910|VIC|2015-04-24,VIC,2015-04-24
A/Sydney/27/2015|EPI_ISL_197908|NSW|2015-04-09,NSW,2015-04-09
A/Townsville/11/2015|EPI_ISL_197897|QLD|2015-03-23,QLD,2015-03-23
A/Townsville/8/2015|EPI_ISL_197886|QLD|2015-03-16,QLD,2015-03-16
A/Sydney/506/2015|EPI_ISL_197874|NSW|2015-01-03,NSW,2015-01-03
A/Townsville/6/2015|EPI_ISL_197870|QLD|2015-01-22,QLD,2015-01-22
A/Tasmania/2/2015|EPI_ISL_197855|TAS|2015-02-23,TAS,2015-02-23
A/Sydney/6/2015|EPI_ISL_197853|NSW|2015-01-05,NSW,2015-01-05
A/VICTORIA/673/2014|EPI_ISL_195752|VIC|2014-09-07,VIC,2014-09-07
A/Tasmania/7/2015|EPI_ISL_194544|TAS|2015-04-20,TAS,2015-04-20
A/Sydney/529/2014|EPI_ISL_194538|NSW|2014-11-20,NSW,2014-11-20
A/Sydney/20/2015|EPI_ISL_194533|NSW|2015-03-24,NSW,2015-03-24
A/SouthAustralia/57/2015|EPI_ISL_194528|SA|2015-04-20,SA,2015-04-20
A/SouthAustralia/49/2015|EPI_ISL_194527|SA|2015-04-06,SA,2015-04-06
A/Canberra/12/2015|EPI_ISL_194498|ACT|2015-02-12,ACT,2015-02-12
A/Victoria/901/2015|EPI_ISL_192825|VIC|2015-02-07,VIC,2015-02-07
A/Victoria/70/2012|EPI_ISL_192823|VIC|2012-06-30,VIC,2012-06-30
A/Victoria/69/2014|EPI_ISL_192822|VIC|2014-07-16,VIC,2014-07-16
A/Victoria/64/2012|EPI_ISL_192821|VIC|2012-06-27,VIC,2012-06-27
A/Victoria/57/2012|EPI_ISL_192820|VIC|2012-06-26,VIC,2012-06-26
A/Victoria/5071/2014|EPI_ISL_192819|VIC|2014-10-03,VIC,2014-10-03
A/Victoria/5064/2014|EPI_ISL_192817|VIC|2014-09-22,VIC,2014-09-22
A/Victoria/5062/2014|EPI_ISL_192815|VIC|2014-09-23,VIC,2014-09-23
A/Victoria/5057/2014|EPI_ISL_192813|VIC|2014-09-18,VIC,2014-09-18
A/Victoria/5049/2014|EPI_ISL_192810|VIC|2014-09-11,VIC,2014-09-11
A/Victoria/5025/2014|EPI_ISL_192807|VIC|2014-09-01,VIC,2014-09-01
A/Victoria/5021/2014|EPI_ISL_192806|VIC|2014-08-29,VIC,2014-08-29
A/Victoria/5018/2014|EPI_ISL_192805|VIC|2014-08-29,VIC,2014-08-29
A/Victoria/5003/2014|EPI_ISL_192804|VIC|2014-08-25,VIC,2014-08-25
A/Victoria/50/2012|EPI_ISL_192802|VIC|2012-06-25,VIC,2012-06-25
A/Victoria/3/2012|EPI_ISL_192801|VIC|2012-05-07,VIC,2012-05-07
A/Victoria/214/2012|EPI_ISL_192798|VIC|2012-08-29,VIC,2012-08-29
A/Victoria/213/2012|EPI_ISL_192797|VIC|2012-08-28,VIC,2012-08-28
A/Victoria/195/2012|EPI_ISL_192796|VIC|2012-08-22,VIC,2012-08-22
A/Victoria/189/2012|EPI_ISL_192795|VIC|2012-08-15,VIC,2012-08-15
A/Victoria/187/2012|EPI_ISL_192794|VIC|2012-08-16,VIC,2012-08-16
A/Victoria/181/2012|EPI_ISL_192793|VIC|2012-08-13,VIC,2012-08-13
A/Victoria/180/2012|EPI_ISL_192792|VIC|2012-08-13,VIC,2012-08-13
A/Victoria/173/2012|EPI_ISL_192791|VIC|2012-08-06,VIC,2012-08-06
A/Victoria/150/2012|EPI_ISL_192789|VIC|2012-07-27,VIC,2012-07-27
A/Victoria/148/2012|EPI_ISL_192788|VIC|2012-07-25,VIC,2012-07-25
A/Victoria/142/2012|EPI_ISL_192785|VIC|2012-07-23,VIC,2012-07-23
A/Victoria/140/2012|EPI_ISL_192784|VIC|2012-07-25,VIC,2012-07-25
A/Victoria/122/2012|EPI_ISL_192783|VIC|2012-07-16,VIC,2012-07-16
A/Victoria/119/2012|EPI_ISL_192782|VIC|2012-07-16,VIC,2012-07-16
A/Townsville/1004/2012|EPI_ISL_192778|QLD|2012-08-13,QLD,2012-08-13
A/Sydney/1065/2014|EPI_ISL_192771|NSW|2014-09-01,NSW,2014-09-01
A/Sydney/10/2015|EPI_ISL_192769|NSW|2015-02-20,NSW,2015-02-20
A/Sydney/1/2015|EPI_ISL_192768|NSW|2015-01-11,NSW,2015-01-11
A/SouthAustralia/9/2015|EPI_ISL_192760|SA|2015-02-12,SA,2015-02-12
A/SouthAustralia/36/2012|EPI_ISL_192759|SA|2012-05-28,SA,2012-05-28
A/SouthAustralia/212/2011|EPI_ISL_192757|SA|2011-09-13,SA,2011-09-13
A/SouthAustralia/205/2011|EPI_ISL_192755|SA|2011-09-05,SA,2011-09-05
A/SouthAustralia/111/2012|EPI_ISL_192751|SA|2012-07-06,SA,2012-07-06
A/SouthAustralia/1/2015|EPI_ISL_192749|SA|2015-02-07,SA,2015-02-07
A/Perth/551/2014|EPI_ISL_192748|WA|2014-05-08,WA,2014-05-08
A/Perth/327/2011|EPI_ISL_192747|WA|2011-11-14,WA,2011-11-14
A/Perth/249/2011|EPI_ISL_192744|WA|2011-09-27,WA,2011-09-27
A/Perth/247/2013|EPI_ISL_192743|WA|2013-10-07,WA,2013-10-07
A/Perth/196/2011|EPI_ISL_192741|WA|2011-09-12,WA,2011-09-12
A/Perth/185/2011|EPI_ISL_192739|WA|2011-09-07,WA,2011-09-07
A/Perth/164/2011|EPI_ISL_192738|WA|2011-08-29,WA,2011-08-29
A/Perth/153/2012|EPI_ISL_192737|WA|2012-07-02,WA,2012-07-02
A/Perth/16/2009|EPI_ISL_176456|WA|2009-04-07,WA,2009-04-07
A/Canberra/82/2014|EPI_ISL_174194|ACT|2014-07-31,ACT,2014-07-31
A/Sydney/30/2014|EPI_ISL_173207|NSW|2014-03-02,NSW,2014-03-02
A/Brisbane/21/2012|EPI_ISL_172969|QLD|2012-03-04,QLD,2012-03-04
A/Brisbane/14/2012|EPI_ISL_172968|QLD|2012-02-06,QLD,2012-02-06
A/Brisbane/501/2011|EPI_ISL_172964|QLD|2011-03-19,QLD,2011-03-19
A/Sydney/602/2009|EPI_ISL_172958|NSW|2009-02-07,NSW,2009-02-07
A/Victoria/5060/2014|EPI_ISL_172428|VIC|2014-09-19,VIC,2014-09-19
A/Sydney/327/2014|EPI_ISL_171817|NSW|2014-12-03,NSW,2014-12-03
A/Sydney/236/2014|EPI_ISL_171778|NSW|2014-08-21,NSW,2014-08-21
A/Brisbane/368/2014|EPI_ISL_171769|QLD|2014-11-21,QLD,2014-11-21
A/VICTORIA/2078/2014|EPI_ISL_168959|VIC|2014-09-10,VIC,2014-09-10
A/TASMANIA/37/2014|EPI_ISL_168933|TAS|2014-08-06,TAS,2014-08-06
A/TASMANIA/122/2014|EPI_ISL_168932|TAS|2014-09-05,TAS,2014-09-05
A/SOUTHAUSTRALIA/1007/2014|EPI_ISL_168916|NSW|2014-07-09,NSW,2014-07-09
A/NEWCASTLE/1016/2014|EPI_ISL_168904|NSW|2014-08-06,NSW,2014-08-06
A/Victoria/361/2011|EPI_ISL_167307|VIC|2011,VIC,2011
A/Victoria/8/2010|EPI_ISL_167305|VIC|2010,VIC,2010
A/Victoria/208/2009|EPI_ISL_167304|VIC|2009,VIC,2009
A/Victoria/500/2009|EPI_ISL_167300|VIC|2009,VIC,2009
A/Tasmania/11/2014|EPI_ISL_166748|TAS|2014-03-16,TAS,2014-03-16
A/SouthAustralia/55/2014|EPI_ISL_166745|SA|2014-06-14,SA,2014-06-14
A/TASMANIA/15/2014|EPI_ISL_166140|TAS|2014-06-04,TAS,2014-06-04
A/PERTH/515/2014|EPI_ISL_166133|WA|2014-02-16,WA,2014-02-16
A/SYDNEY/37/2014|EPI_ISL_166132|NSW|2014-02-15,NSW,2014-02-15
A/PERTH/522/2014|EPI_ISL_166130|WA|2014-03-11,WA,2014-03-11
A/PERTH/526/2014|EPI_ISL_166124|WA|2014-03-17,WA,2014-03-17
A/SYDNEY/85/2014|EPI_ISL_166038|NSW|2014-06-03,NSW,2014-06-03
A/SYDNEY/84/2014|EPI_ISL_166037|NSW|2014-05-22,NSW,2014-05-22
A/VICTORIA/27/2014|EPI_ISL_166030|VIC|2014-06-25,VIC,2014-06-25
A/NEWCASTLE/20/2014|EPI_ISL_165907|NSW|2014-02-07,NSW,2014-02-07
A/VICTORIA/806/2014|EPI_ISL_165906|VIC|2014-04-28,VIC,2014-04-28
A/Brisbane/43/2014|EPI_ISL_165893|QLD|2014-02-17,QLD,2014-02-17
A/Sydney/20/2014|EPI_ISL_165890|NSW|2014-01-26,NSW,2014-01-26
A/SOUTHAUSTRALIA/55/2014|EPI_ISL_165592|SA|2014-06-14,SA,2014-06-14
A/VICTORIA/503/2014|EPI_ISL_164984|VIC|2014-05-05,VIC,2014-05-05
A/NEWCASTLE/25/2014|EPI_ISL_164980|NSW|2014-05-04,NSW,2014-05-04
A/SYDNEY/8/2014|EPI_ISL_161906|NSW|2014-01-11,NSW,2014-01-11
A/TASMANIA/3/2014|EPI_ISL_161904|TAS|2014-01-06,TAS,2014-01-06
A/SYDNEY/83/2013|EPI_ISL_161897|NSW|2013-11-21,NSW,2013-11-21
A/VICTORIA/640/2013|EPI_ISL_161302|VIC|2013-10-14,VIC,2013-10-14
A/CANBERRA/113/2013|EPI_ISL_161285|ACT|2013-10-11,ACT,2013-10-11
A/BRISBANE/141/2013|EPI_ISL_161283|QLD|2013-08-18,QLD,2013-08-18
A/SOUTHAUSTRALIA/79/2013|EPI_ISL_161281|SA|2013-09-23,SA,2013-09-23
A/BRISBANE/24/2013|EPI_ISL_161270|QLD|2013-02-25,QLD,2013-02-25
A/BRISBANE/16/2013|EPI_ISL_161268|QLD|2013-02-13,QLD,2013-02-13
A/PERTH/164/2013|EPI_ISL_151587|WA|2013-08-29,WA,2013-08-29
A/VICTORIA/528/2013|EPI_ISL_151492|VIC|2013-07-19,VIC,2013-07-19
A/TOWNSVILLE/33/2013|EPI_ISL_145320|QUEENSLAND|2013-03-21,QUEENSLAND,2013-03-21
A/BRISBANE/3/2013|EPI_ISL_141599|Queensland|2013-01-07,Queensland,2013-01-07
A/TASMANIA/1/2013|EPI_ISL_141559|TAS|2013-02-22,TAS,2013-02-22
A/SOUTHAUSTRALIA/8/2013|EPI_ISL_141558|SA|2013-03-06,SA,2013-03-06
A/VICTORIA/175/2012|EPI_ISL_137776|VIC|2012-05-19,VIC,2012-05-19
A/VICTORIA/120/2012|EPI_ISL_137773|VIC|2012-08-18,VIC,2012-08-18
A/VICTORIA/78/2012|EPI_ISL_137770|VIC|2012-07-16,VIC,2012-07-16
A/VICTORIA/7/2012|EPI_ISL_137764|VIC|2012-06-18,VIC,2012-06-18
A/Sydney/195/2012|EPI_ISL_135839|NSW|2012-08-06,NSW,2012-08-06
A/TASMANIA/60/2012|EPI_ISL_134528|TAS|2012-08-20,TAS,2012-08-20
A/PERTH/288/2012|EPI_ISL_134460|WA|2012-08-09,WA,2012-08-09
A/BRISBANE/132/2012|EPI_ISL_134454|Queensland|2012-07-30,Queensland,2012-07-30
A/Maryland/02/2012|EPI_ISL_129055|NSW|2012-01-18,NSW,2012-01-18
A/DARWIN/1001/2012|EPI_ISL_128749|NT|2012-07-16,NT,2012-07-16
A/VICTORIA/873/2012|EPI_ISL_128708|VIC|2012-08-16,VIC,2012-08-16
A/CANBERRA/33/2012|EPI_ISL_128671|ACT|2012-07-07,ACT,2012-07-07
A/VICTORIA/346/2012|EPI_ISL_128655|VIC|2012-07-12,VIC,2012-07-12
A/SOUTHAUSTRALIA/66/2012|EPI_ISL_128639|SA|2012-06-24,SA,2012-06-24
A/CANBERRA/5/2012|EPI_ISL_128635|ACT|2012-06-06,ACT,2012-06-06
A/BRISBANE/27/2012|EPI_ISL_122604|Queensland|2012-03-19,Queensland,2012-03-19
A/Brisbane/11/2010|EPI_ISL_127628|QLD|2010,QLD,2010
A/Perth/10/2010|EPI_ISL_127604|WA|2010,WA,2010
A/SOUTHAUSTRALIA/39/2012|EPI_ISL_122577|SA|2012-06-01,SA,2012-06-01
A/SYDNEY/200/2012|EPI_ISL_122572|NSW|2012-01-09,NSW,2012-01-09
A/SOUTHAUSTRALIA/17/2011|EPI_ISL_122565|SA|2011-07-18,SA,2011-07-18
A/BRISBANE/29/2012|EPI_ISL_122564|QLD|2012-03-31,QLD,2012-03-31
A/BRISBANE/38/2012|EPI_ISL_122561|Queensland|2012-04-18,Queensland,2012-04-18
A/BRISBANE/26/2012|EPI_ISL_122541|QLD|2012-03-08,QLD,2012-03-08
A/TASMANIA/2/2012|EPI_ISL_121687|TAS|2012-03-21,TAS,2012-03-21
A/BRISBANE/11/2012|EPI_ISL_121682|QLD|2012-02-13,QLD,2012-02-13
A/BRISBANE/417/2011|EPI_ISL_118611|Queensland|2011-12-22,Queensland,2011-12-22
A/SYDNEY/97/2011|EPI_ISL_118601|NSW|2011-11-06,NSW,2011-11-06
A/VICTORIA/725/2011|EPI_ISL_118579|VIC|2011-12-04,VIC,2011-12-04
A/VICTORIA/892/2011|EPI_ISL_106867|VIC|2011-11-04,VIC,2011-11-04
A/VICTORIA/704/2011|EPI_ISL_106866|VIC|2011-10-10,VIC,2011-10-10
A/SOUTHAUSTRALIA/299/2011|EPI_ISL_106865|SA|2011-10-24,SA,2011-10-24
A/Tasmania/32/2011|EPI_ISL_106864|TAS|2011-10-05,TAS,2011-10-05
A/BRISBANE/382/2011|EPI_ISL_106861|QLD|2011-09-06,QLD,2011-09-06
A/Brisbane/299/2011|EPI_ISL_106108|QLD|2011-08-13,QLD,2011-08-13
A/SOUTHAUSTRALIA/280/2011|EPI_ISL_99775|SA|2011-10-02,SA,2011-10-02
A/VICTORIA/335/2011|EPI_ISL_99773|VIC|2011-09-28,VIC,2011-09-28
A/VICTORIA/304/2011|EPI_ISL_99766|VIC|2011-09-14,VIC,2011-09-14
A/PERTH/81/2011|EPI_ISL_99757|WA|2011-08-05,WA,2011-08-05
A/VICTORIA/26/2011|EPI_ISL_99745|VIC|2011-08-05,VIC,2011-08-05
A/BRISBANE/233/2011|EPI_ISL_99732|QLD|2011-06-17,QLD,2011-06-17
A/VICTORIA/5/2011|EPI_ISL_99730|VIC|2011-07-04,VIC,2011-07-04
A/NEWCASTLE/48/2011|EPI_ISL_99729|NSW|2011-06-29,NSW,2011-06-29
A/BRISBANE/159/2011|EPI_ISL_95229|Queensland|2011-05-12,Queensland,2011-05-12
A/DARWIN/92/2011|EPI_ISL_94858|NT|2011-04-04,NT,2011-04-04
A/VICTORIA/803/2011|EPI_ISL_94856|VIC|2011-04-02,VIC,2011-04-02
A/VICTORIA/1034/2010|EPI_ISL_94833|VIC|2010-10-30,VIC,2010-10-30
A/TASMANIA/2/2011|EPI_ISL_94831|TAS|2011-02-13,TAS,2011-02-13
A/TOWNSVILLE/20/2011|EPI_ISL_94826|Queensland|2011-01-26,Queensland,2011-01-26
A/VICTORIA/506/2011|EPI_ISL_94782|VIC|2011-01-15,VIC,2011-01-15
A/Australia/55/2009|EPI_ISL_87164|NSW|2009-07-30,NSW,2009-07-30
A/Australia/22/2009|EPI_ISL_87160|NSW|2009-07-21,NSW,2009-07-21
A/TOWNSVILLE/98/2010|EPI_ISL_86132|QLD|2010-12-13,QLD,2010-12-13
A/TOWNSVILLE/87/2010|EPI_ISL_86128|QLD|2010-11-26,QLD,2010-11-26
A/Victoria/563/2010|EPI_ISL_84063|VIC|2010,VIC,2010
A/Perth/10/2010|EPI_ISL_84060|WA|2010,WA,2010
A/BRISBANE/253/2010|EPI_ISL_83897|Queensland|2010-09-19,Queensland,2010-09-19
A/TOWNSVILLE/60/2010|EPI_ISL_83896|Queensland|2010-10-25,Queensland,2010-10-25
A/VICTORIA/650/2010|EPI_ISL_83869|VIC|2010-10-15,VIC,2010-10-15
A/SOUTHAUSTRALIA/414/2010|EPI_ISL_83868|SA|2010-10-04,SA,2010-10-04
A/SYDNEY/13/2010|EPI_ISL_83809|NSW|2010-08-12,NSW,2010-08-12
A/PERTH/56/2010|EPI_ISL_83808|WA|2010-08-09,WA,2010-08-09
A/PERTH/519/2010|EPI_ISL_79467|WA|2010-06-16,WA,2010-06-16
A/NEWCASTLE/4/2010|EPI_ISL_78694|NSW|2010-06-25,NSW,2010-06-25
A/CANBERRA/2/2010|EPI_ISL_78689|ACT|2010-06-24,ACT,2010-06-24
A/VICTORIA/4/2010|EPI_ISL_77053|VIC|2010-05-11,VIC,2010-05-11
A/Perth/673/2009|EPI_ISL_76619|WA|2009-11-04,WA,2009-11-04
A/Victoria/210/2009|EPI_ISL_76607|VIC|2009-06-02,VIC,2009-06-02
A/Australia/2/2009|EPI_ISL_74160|NSW|2009-07-16,NSW,2009-07-16
A/Victoria/210/2009|EPI_ISL_66566|VIC|2009-06-02,VIC,2009-06-02
A/PERTH/107/2009|EPI_ISL_65133|NT|2009-06-21,NT,2009-06-21
A/PERTH/160/2009|EPI_ISL_65123|WA|2009-07-03,WA,2009-07-03
A/BRISBANE/52/2009|EPI_ISL_60923|QLD|2009-05-18,QLD,2009-05-18
A/SYDNEY/603/2009|EPI_ISL_60918|NSW|2009-02-12,NSW,2009-02-12
A/BRISBANE/54/2009|EPI_ISL_60149|Queensland|2009-05-07,Queensland,2009-05-07
A/Canberra/18/2009|EPI_ISL_60003|ACT|2009-06-30,ACT,2009-06-30
A/Victoria/209/2009|EPI_ISL_33597|VIC|2009-06-02,VIC,2009-06-02
A/Sydney/3/2009|EPI_ISL_32486|NSW|2009-01-20,NSW,2009-01-20
A/Victoria/2036/2017|EPI_ISL_277319|VIC|2017-07-12,VIC,2017-07-12
A/Victoria/533/2017|EPI_ISL_277318|VIC|2017-07-08,VIC,2017-07-08
A/Sydney/149/2017|EPI_ISL_277317|NSW|2017-06-21,NSW,2017-06-21
A/Victoria/21/2017|EPI_ISL_277316|VIC|2017-07-03,VIC,2017-07-03
A/Victoria/15/2017|EPI_ISL_277315|VIC|2017-06-19,VIC,2017-06-19
A/SouthAustralia/185/2017|EPI_ISL_277314|SA|2017-07-01,SA,2017-07-01
A/SouthAustralia/173/2017|EPI_ISL_277311|SA|2017-06-26,SA,2017-06-26
A/Sydney/1017/2017|EPI_ISL_277306|NSW|2017-07-04,NSW,2017-07-04
A/Sydney/1013/2017|EPI_ISL_277305|NSW|2017-06-29,NSW,2017-06-29
A/SouthAustralia/1001/2017|EPI_ISL_277302|SA|2017-02-27,SA,2017-02-27
A/Brisbane/1001/2017|EPI_ISL_277301|QLD|2017-02-27,QLD,2017-02-27
A/Sydney/52/2017|EPI_ISL_275806|NSW|2017,NSW,2017
A/Brisbane/29/2017|EPI_ISL_275805|QLD|2017,QLD,2017
A/Brisbane/321/2016|EPI_ISL_275804|QLD|2016,QLD,2016
A/Sydney/111/2017|EPI_ISL_275596|NSW|2017-04-18,NSW,2017-04-18
A/Sydney/100/2017|EPI_ISL_275593|NSW|2017-03-20,NSW,2017-03-20
A/Sydney/92/2017|EPI_ISL_275588|NSW|2017-03-21,NSW,2017-03-21
A/Sydney/82/2017|EPI_ISL_275582|NSW|2017-04-11,NSW,2017-04-11
A/Sydney/113/2017|EPI_ISL_275579|NSW|2017-04-21,NSW,2017-04-21
A/Sydney/87/2017|EPI_ISL_275578|NSW|2017-03-11,NSW,2017-03-11
A/Tasmania/219/2016|EPI_ISL_275564|TAS|2016-12-15,TAS,2016-12-15
A/Newcastle/51/2017|EPI_ISL_275554|NSW|2017-03-21,NSW,2017-03-21
A/Newcastle/44/2017|EPI_ISL_275549|NSW|2017-03-21,NSW,2017-03-21
A/Newcastle/34/2017|EPI_ISL_275545|NSW|2017-03-14,NSW,2017-03-14
A/Victoria/900/2017|EPI_ISL_275489|VIC|2017-05-03,VIC,2017-05-03
A/Brisbane/13/2017|EPI_ISL_275282|QLD|2017-01-16,QLD,2017-01-16
A/Brisbane/285/2016|EPI_ISL_275281|QLD|2016-10-20,QLD,2016-10-20
A/Victoria/13/2017|EPI_ISL_275280|VIC|2017-06-14,VIC,2017-06-14
A/Victoria/541/2017|EPI_ISL_275273|VIC|2017-07-09,VIC,2017-07-09
A/Victoria/531/2017|EPI_ISL_275271|VIC|2017-07-08,VIC,2017-07-08
A/Victoria/513/2017|EPI_ISL_275266|VIC|2017-07-04,VIC,2017-07-04
A/SouthAustralia/170/2017|EPI_ISL_275240|SA|2017-06-26,SA,2017-06-26
A/SouthAustralia/142/2017|EPI_ISL_275230|SA|2017-06-16,SA,2017-06-16
A/Sydney/1011/2017|EPI_ISL_275227|NSW|2017-06-21,NSW,2017-06-21
A/Townsville/1002/2017|EPI_ISL_275225|QLD|2017-06-14,QLD,2017-06-14
A/Newcastle/87/2017|EPI_ISL_275213|NSW|2017-06-07,NSW,2017-06-07
A/Newcastle/54/2017|EPI_ISL_275203|NSW|2017-06-24,NSW,2017-06-24
A/Victoria/507/2017|EPI_ISL_275199|VIC|2017-06-28,VIC,2017-06-28
A/Victoria/500/2017|EPI_ISL_275195|VIC|2017-06-15,VIC,2017-06-15
A/Newcastle/78/2017|EPI_ISL_275190|NSW|2017-06-04,NSW,2017-06-04
A/Newcastle/77/2017|EPI_ISL_275189|NSW|2017-07-02,NSW,2017-07-02
A/Sydney/103/2017|EPI_ISL_274988|NSW|2017-03-29,NSW,2017-03-29
A/SouthAustralia/90/2017|EPI_ISL_274987|SA|2017-05-09,SA,2017-05-09
A/Newcastle/36/2017|EPI_ISL_274986|NSW|2017-04-16,NSW,2017-04-16
A/Brisbane/53/2017|EPI_ISL_274944|QLD|2017-04-24,QLD,2017-04-24
A/Victoria/2008/2017|EPI_ISL_274933|VIC|2017-04-01,VIC,2017-04-01
A/Brisbane/43/2017|EPI_ISL_274922|QLD|2017-04-04,QLD,2017-04-04
A/Sydney/138/2017|EPI_ISL_274919|NSW|2017-04-25,NSW,2017-04-25
A/Brisbane/4/2017|EPI_ISL_273047|QLD|2017-01-09,QLD,2017-01-09
A/Sydney/134/2017|EPI_ISL_271321|NSW|2017-04-08,NSW,2017-04-08
A/SouthAustralia/125/2017|EPI_ISL_271294|SA|2017-06-05,SA,2017-06-05
A/Brisbane/57/2017|EPI_ISL_271279|QLD|2017-05-09,QLD,2017-05-09
A/Brisbane/50/2017|EPI_ISL_271277|QLD|2017-05-08,QLD,2017-05-08
A/SouthAustralia/93/2017|EPI_ISL_271257|SA|2017-05-23,SA,2017-05-23
A/Sydney/84/2017|EPI_ISL_271240|NSW|2017-04-07,NSW,2017-04-07
A/Sydney/78/2017|EPI_ISL_271239|NSW|2017-04-05,NSW,2017-04-05
A/Sydney/83/2017|EPI_ISL_269449|NSW|2017-04-19,NSW,2017-04-19
A/Canberra/6/2017|EPI_ISL_269448|ACT|2017-04-13,ACT,2017-04-13
A/SouthAustralia/72/2017|EPI_ISL_269438|SA|2017-04-10,SA,2017-04-10
A/SouthAustralia/65/2017|EPI_ISL_269434|SA|2017-04-03,SA,2017-04-03
A/Perth/68/2017|EPI_ISL_269428|WA|2017-04-02,WA,2017-04-02
A/Brisbane/34/2017|EPI_ISL_269422|QLD|2017-03-14,QLD,2017-03-14
A/Brisbane/33/2017|EPI_ISL_269421|QLD|2017-03-06,QLD,2017-03-06
A/Sydney/66/2017|EPI_ISL_269412|NSW|2017-03-18,NSW,2017-03-18
A/Sydney/61/2017|EPI_ISL_269409|NSW|2017-03-19,NSW,2017-03-19
A/Sydney/50/2017|EPI_ISL_269404|NSW|2017-03-01,NSW,2017-03-01
A/SouthAustralia/51/2017|EPI_ISL_269396|SA|2017-03-21,SA,2017-03-21
A/SouthAustralia/46/2017|EPI_ISL_269392|SA|2017-03-09,SA,2017-03-09
A/SouthAustralia/45/2017|EPI_ISL_269391|SA|2017-03-05,SA,2017-03-05
A/Victoria/1/2017|EPI_ISL_269376|VIC|2017-03-12,VIC,2017-03-12
A/Tasmania/7/2017|EPI_ISL_269374|TAS|2017-01-25,TAS,2017-01-25
A/Tasmania/6/2017|EPI_ISL_269373|TAS|2017-01-10,TAS,2017-01-10
A/Tasmania/1/2017|EPI_ISL_269371|TAS|2017-01-11,TAS,2017-01-11
A/Newcastle/28/2017|EPI_ISL_269370|NSW|2017-03-08,NSW,2017-03-08
A/Newcastle/18/2017|EPI_ISL_269365|NSW|2017-02-20,NSW,2017-02-20
A/Brisbane/23/2017|EPI_ISL_269357|QLD|2017-01-16,QLD,2017-01-16
A/Brisbane/22/2017|EPI_ISL_269356|QLD|2017-01-15,QLD,2017-01-15
A/Brisbane/21/2017|EPI_ISL_269355|QLD|2017-01-20,QLD,2017-01-20
A/Brisbane/11/2017|EPI_ISL_269352|QLD|2017-01-04,QLD,2017-01-04
A/Brisbane/9/2017|EPI_ISL_269350|QLD|2017-01-10,QLD,2017-01-10
A/Brisbane/7/2017|EPI_ISL_269348|QLD|2017-01-09,QLD,2017-01-09
A/SouthAustralia/34/2017|EPI_ISL_269344|SA|2017-02-09,SA,2017-02-09
A/SouthAustralia/31/2017|EPI_ISL_269342|SA|2017-02-06,SA,2017-02-06
A/Perth/2/2017|EPI_ISL_269325|NT|2017-01-06,NT,2017-01-06
A/Newcastle/7/2017|EPI_ISL_269310|NSW|2017-01-14,NSW,2017-01-14
A/Newcastle/5/2017|EPI_ISL_269309|NSW|2017-01-24,NSW,2017-01-24
A/Newcastle/4/2017|EPI_ISL_269308|NSW|2017-01-25,NSW,2017-01-25
A/SouthAustralia/18/2017|EPI_ISL_269305|SA|2017-01-18,SA,2017-01-18
A/SouthAustralia/5/2017|EPI_ISL_269301|SA|2017-01-14,SA,2017-01-14
A/SouthAustralia/3/2017|EPI_ISL_269300|SA|2017-01-02,SA,2017-01-02
A/Brisbane/318/2016|EPI_ISL_269294|QLD|2016-12-12,QLD,2016-12-12
A/Brisbane/299/2016|EPI_ISL_269287|QLD|2016-10-29,QLD,2016-10-29
A/Townsville/5/2017|EPI_ISL_269279|QLD|2017-03-08,QLD,2017-03-08
A/Sydney/12/2017|EPI_ISL_269268|ACT|2017-01-05,ACT,2017-01-05
A/Brisbane/4/2017|EPI_ISL_269254|QLD|2017-01-09,QLD,2017-01-09
A/SouthAustralia/135/2016|EPI_ISL_255985|SA|2016-10-01,SA,2016-10-01
A/Victoria/2505/2016|EPI_ISL_255552|VIC|2016-09-02,VIC,2016-09-02
A/Sydney/1048/2016|EPI_ISL_255549|NSW|2016-08-05,NSW,2016-08-05
A/Newcastle/62/2016|EPI_ISL_255531|NSW|2016-07-07,NSW,2016-07-07
A/Newcastle/61/2016|EPI_ISL_255502|NSW|2016-06-29,NSW,2016-06-29
A/Newcastle/48/2016|EPI_ISL_255496|NSW|2016-07-14,NSW,2016-07-14
A/Sydney/88/2016|EPI_ISL_255453|NSW|2016,NSW,2016
A/Darwin/13/2016|EPI_ISL_255450|NT|2016-02-12,NT,2016-02-12
A/Tasmania/201/2016|EPI_ISL_249277|TAS|2016-11-13,TAS,2016-11-13
A/Perth/191/2016|EPI_ISL_249271|WA|2016-09-02,WA,2016-09-02
A/Perth/186/2016|EPI_ISL_249265|WA|2016-09-01,WA,2016-09-01
A/Brisbane/313/2016|EPI_ISL_249256|QLD|2016-11-29,QLD,2016-11-29
A/Brisbane/314/2016|EPI_ISL_249251|QLD|2016-11-30,QLD,2016-11-30
A/SouthAustralia/156/2016|EPI_ISL_249240|SA|2016-11-21,SA,2016-11-21
A/SouthAustralia/153/2016|EPI_ISL_249238|SA|2016-11-23,SA,2016-11-23
A/SouthAustralia/157/2016|EPI_ISL_249234|SA|2016-11-20,SA,2016-11-20
A/SouthAustralia/149/2016|EPI_ISL_249233|SA|2016-11-19,SA,2016-11-19
A/Sydney/311/2016|EPI_ISL_249229|NSW|2016-10-20,NSW,2016-10-20
A/Tasmania/215/2016|EPI_ISL_249204|TAS|2016-12-10,TAS,2016-12-10
A/SouthAustralia/166/2016|EPI_ISL_249178|SA|2016-12-07,SA,2016-12-07
A/SouthAustralia/22/2017|EPI_ISL_249175|SA|2017-01-24,SA,2017-01-24
A/SouthAustralia/19/2017|EPI_ISL_249169|SA|2017-01-19,SA,2017-01-19
A/Brisbane/3/2017|EPI_ISL_246677|QLD|2017-01-04,QLD,2017-01-04
A/Townsville/51/2016|EPI_ISL_246674|QLD|2016-12-13,QLD,2016-12-13
A/Victoria/670/2016|EPI_ISL_244062|VIC|2016-11-11,VIC,2016-11-11
A/Victoria/149/2016|EPI_ISL_244013|VIC|2016-10-14,VIC,2016-10-14
A/Victoria/663/2016|EPI_ISL_244005|VIC|2016-11-09,VIC,2016-11-09
A/Victoria/660/2016|EPI_ISL_244003|VIC|2016-10-26,VIC,2016-10-26
A/Brisbane/299/2016|EPI_ISL_243998|QLD|2016-10-29,QLD,2016-10-29
A/Brisbane/296/2016|EPI_ISL_243995|QLD|2016-11-07,QLD,2016-11-07
A/Brisbane/280/2016|EPI_ISL_243989|QLD|2016-10-27,QLD,2016-10-27
A/SouthAustralia/138/2016|EPI_ISL_243977|SA|2016-10-27,SA,2016-10-27
A/Brisbane/288/2016|EPI_ISL_243974|QLD|2016-10-24,QLD,2016-10-24
A/Brisbane/286/2016|EPI_ISL_243972|QLD|2016-10-20,QLD,2016-10-20
A/Victoria/109/2016|EPI_ISL_243940|VIC|2016-09-02,VIC,2016-09-02
A/Brisbane/273/2016|EPI_ISL_243919|QLD|2016-10-17,QLD,2016-10-17
A/Victoria/102/2016|EPI_ISL_239979|VIC|2016-09-06,VIC,2016-09-06
A/SouthAustralia/112/2016|EPI_ISL_239973|SA|2016-09-08,SA,2016-09-08
A/Sydney/1100/2016|EPI_ISL_239960|NSW|2016-09-08,NSW,2016-09-08
A/SouthAustralia/115/2016|EPI_ISL_239957|SA|2016-09-15,SA,2016-09-15
A/SouthAustralia/106/2016|EPI_ISL_239954|SA|2016-09-09,SA,2016-09-09
A/Sydney/1092/2016|EPI_ISL_239951|NSW|2016-09-02,NSW,2016-09-02
A/Brisbane/224/2016|EPI_ISL_239901|QLD|2016-09-25,QLD,2016-09-25
A/Victoria/624/2016|EPI_ISL_239849|VIC|2016-11-07,VIC,2016-11-07
A/Tasmania/75/2016|EPI_ISL_239839|TAS|2016-10-03,TAS,2016-10-03
A/Tasmania/199/2016|EPI_ISL_239838|TAS|2016-11-25,TAS,2016-11-25
A/Newcastle/64/2015|EPI_ISL_226255|NSW|2015-12-05,NSW,2015-12-05
A/Victoria/2079/2016|EPI_ISL_234229|VIC|2016-08-11,VIC,2016-08-11
A/Victoria/582/2016|EPI_ISL_234222|VIC|2016-08-17,VIC,2016-08-17
A/Victoria/576/2016|EPI_ISL_234203|VIC|2016-08-05,VIC,2016-08-05
A/Newcastle/102/2016|EPI_ISL_234180|NSW|2016-08-05,NSW,2016-08-05
A/Victoria/548/2016|EPI_ISL_234159|VIC|2016-08-15,VIC,2016-08-15
A/Victoria/542/2016|EPI_ISL_234151|VIC|2016-08-01,VIC,2016-08-01
A/Perth/22/2016|EPI_ISL_234132|WA|2016-04-15,WA,2016-04-15
A/Brisbane/68/2016|EPI_ISL_234131|QLD|2016-03-14,QLD,2016-03-14
A/Perth/78/2016|EPI_ISL_234101|WA|2016-07-24,WA,2016-07-24
A/SouthAustralia/32/2016|EPI_ISL_233867|SA|2016-06-10,SA,2016-06-10
A/Victoria/2015/2016|EPI_ISL_233819|VIC|2016-03-15,VIC,2016-03-15
A/Sydney/80/2016|EPI_ISL_233805|NSW|2016-03-03,NSW,2016-03-03
A/Sydney/40/2016|EPI_ISL_233803|NSW|2016-03-29,NSW,2016-03-29
A/Canberra/11/2016|EPI_ISL_233341|ACT|2016-07-20,ACT,2016-07-20
A/SouthAustralia/60/2016|EPI_ISL_233313|SA|2016-07-13,SA,2016-07-13
A/Sydney/171/2016|EPI_ISL_233283|NSW|2016-07-29,NSW,2016-07-29
A/SouthAustralia/1067/2017|EPI_ISL_289892|SA|2017-09-14,SA,2017-09-14
A/Sydney/1177/2017|EPI_ISL_289887|NSW|2017-09-11,NSW,2017-09-11
A/SouthAustralia/1053/2017|EPI_ISL_289869|SA|2017-09-05,SA,2017-09-05
A/Townsville/1012/2017|EPI_ISL_289861|QLD|2017-08-28,QLD,2017-08-28
A/Perth/277/2016|EPI_ISL_289852|WA|2016-09-30,WA,2016-09-30
A/Perth/141/2016|EPI_ISL_289841|WA|2016-08-22,WA,2016-08-22
A/Sydney/80/2016|EPI_ISL_289146|NSW|2016-03-03,NSW,2016-03-03
A/SouthAustralia/29/2016|EPI_ISL_289123|SA|2016-05-31,SA,2016-05-31
A/SouthAustralia/31/2016|EPI_ISL_289138|SA|2016-06-10,SA,2016-06-10
A/Brisbane/66/2016|EPI_ISL_289133|QLD|2016-03-08,QLD,2016-03-08
A/Newcastle/187/2016|EPI_ISL_289031|NSW|2016-09-10,NSW,2016-09-10
A/Sydney/1143/2017|EPI_ISL_288977|NSW|2017-08-28,NSW,2017-08-28
A/Victoria/718/2017|EPI_ISL_288967|VIC|2017-08-31,VIC,2017-08-31
A/Victoria/2111/2017|EPI_ISL_288961|VIC|2017-08-12,VIC,2017-08-12
A/Darwin/1011/2017|EPI_ISL_288943|NT|2017-08-23,NT,2017-08-23
A/Darwin/1010/2017|EPI_ISL_288942|NT|2017-08-21,NT,2017-08-21
A/SouthAustralia/1043/2017|EPI_ISL_288941|SA|2017-08-29,SA,2017-08-29
A/Sydney/1132/2017|EPI_ISL_288937|NSW|2017-08-16,NSW,2017-08-16
A/Victoria/1027/2017|EPI_ISL_288934|VIC|2017-08-21,VIC,2017-08-21
A/Victoria/1023/2017|EPI_ISL_288916|VIC|2017-08-25,VIC,2017-08-25
A/Sydney/1122/2017|EPI_ISL_288905|NSW|2017-08-20,NSW,2017-08-20
A/Brisbane/1/2017|EPI_ISL_288867|QLD|2017-01-02,QLD,2017-01-02
A/SouthAustralia/147/2016|EPI_ISL_288843|SA|2016-11-11,SA,2016-11-11
A/Sydney/21/2012|EPI_ISL_288798|NSW|2012-05-18,NSW,2012-05-18
A/Sydney/26/2014|EPI_ISL_288220|NSW|2014-03-01,NSW,2014-03-01
A/Brisbane/40/2015|EPI_ISL_288139|QLD|2015-03-14,QLD,2015-03-14
A/Newcastle/17/2015|EPI_ISL_288017|NSW|2015-06-24,NSW,2015-06-24
A/Victoria/9/2015|EPI_ISL_288028|VIC|2015-05-21,VIC,2015-05-21
A/Newcastle/14/2015|EPI_ISL_288020|NSW|2015-06-21,NSW,2015-06-21
A/Victoria/538/2015|EPI_ISL_287987|VIC|2015-07-09,VIC,2015-07-09
A/Victoria/820/2015|EPI_ISL_287982|VIC|2015-07-23,VIC,2015-07-23
A/Townsville/16/2015|EPI_ISL_287980|QLD|2015-06-19,QLD,2015-06-19
A/Sydney/1010/2015|EPI_ISL_287956|NSW|2015-07-14,NSW,2015-07-14
A/Perth/94/2015|EPI_ISL_287947|WA|2015-08-05,WA,2015-08-05
A/SouthAustralia/132/2015|EPI_ISL_287924|SA|2015-09-10,SA,2015-09-10
A/SouthAustralia/129/2015|EPI_ISL_287923|SA|2015-09-12,SA,2015-09-12
A/Perth/65/2015|EPI_ISL_287890|WA|2015-07-13,WA,2015-07-13
A/SouthAustralia/1006/2015|EPI_ISL_287860|SA|2015-07-10,SA,2015-07-10
A/Victoria/3100/2015|EPI_ISL_287859|VIC|2015-09-15,VIC,2015-09-15
A/Victoria/640/2015|EPI_ISL_287858|VIC|2015-09-24,VIC,2015-09-24
A/Brisbane/174/2015|EPI_ISL_287852|QLD|2015-09-07,QLD,2015-09-07
A/SouthAustralia/139/2015|EPI_ISL_287843|SA|2015-09-03,SA,2015-09-03
A/SouthAustralia/1036/2015|EPI_ISL_287840|SA|2015-10-12,SA,2015-10-12
A/Victoria/50/2015|EPI_ISL_287838|VIC|2015-08-18,VIC,2015-08-18
A/SouthAustralia/146/2015|EPI_ISL_287836|SA|2015-10-07,SA,2015-10-07
A/Darwin/1000/2015|EPI_ISL_287834|NT|2015-10-08,NT,2015-10-08
A/Sydney/248/2015|EPI_ISL_287832|NSW|2015-09-02,NSW,2015-09-02
A/Victoria/52/2015|EPI_ISL_287828|VIC|2015-08-21,VIC,2015-08-21
A/SouthAustralia/1038/2015|EPI_ISL_287826|SA|2015-09-15,SA,2015-09-15
A/Brisbane/184/2015|EPI_ISL_287810|QLD|2015-10-24,QLD,2015-10-24
A/Sydney/225/2015|EPI_ISL_287820|NSW|2015-09-05,NSW,2015-09-05
A/Sydney/224/2015|EPI_ISL_287819|NSW|2015-09-04,NSW,2015-09-04
A/Townsville/37/2015|EPI_ISL_287812|QLD|2015-10-18,QLD,2015-10-18
A/Brisbane/140/2017|EPI_ISL_283124|QLD|2017-08-22,QLD,2017-08-22
A/Victoria/708/2017|EPI_ISL_283122|VIC|2017-09-02,VIC,2017-09-02
A/Tasmania/37/2017|EPI_ISL_282649|TAS|2017-07-20,TAS,2017-07-20
A/Tasmania/32/2017|EPI_ISL_278010|TAS|2017-07-16,TAS,2017-07-16
A/Tasmania/30/2017|EPI_ISL_278009|TAS|2017-07-14,TAS,2017-07-14
A/Victoria/548/2017|EPI_ISL_277995|VIC|2017-07-14,VIC,2017-07-14
A/Victoria/60/2017|EPI_ISL_277991|VIC|2017-07-31,VIC,2017-07-31
A/Victoria/561/2017|EPI_ISL_277990|VIC|2017-07-14,VIC,2017-07-14
A/Victoria/560/2017|EPI_ISL_277989|VIC|2017-07-15,VIC,2017-07-15
A/Tasmania/35/2017|EPI_ISL_277986|TAS|2017-07-22,TAS,2017-07-22
A/Victoria/652/2017|EPI_ISL_277939|VIC|2017-08-10,VIC,2017-08-10
A/Victoria/639/2017|EPI_ISL_277933|VIC|2017-08-08,VIC,2017-08-08
A/Victoria/646/2017|EPI_ISL_277921|VIC|2017-08-10,VIC,2017-08-10
A/Sydney/1093/2017|EPI_ISL_277911|NSW|2017-08-03,NSW,2017-08-03
A/Victoria/617/2017|EPI_ISL_277603|VIC|2017-07-28,VIC,2017-07-28
A/Victoria/32/2017|EPI_ISL_277593|VIC|2017-07-10,VIC,2017-07-10
A/Victoria/2052/2017|EPI_ISL_277588|VIC|2017-06-29,VIC,2017-06-29
A/Victoria/46/2017|EPI_ISL_277358|VIC|2017-07-15,VIC,2017-07-15
A/Victoria/43/2017|EPI_ISL_277356|VIC|2017-07-14,VIC,2017-07-14
A/Tasmania/14/2017|EPI_ISL_277346|TAS|2017-07-16,TAS,2017-07-16
A/Victoria/2027/2017|EPI_ISL_277327|VIC|2017-06-19,VIC,2017-06-19
A/SouthAustralia/164/2018|EPI_ISL_336143|SA|2018-11-05,SA,2018-11-05
A/Victoria/753/2018|EPI_ISL_336142|VIC|2018-11-07,VIC,2018-11-07
A/SouthAustralia/176/2018|EPI_ISL_336141|SA|2018-11-03,SA,2018-11-03
A/Victoria/2093/2018|EPI_ISL_334091|VIC|2018-10-03,VIC,2018-10-03
A/Perth/151/2018|EPI_ISL_334090|WA|2018-09-30,WA,2018-09-30
A/Victoria/2104/2018|EPI_ISL_334089|VIC|2018-10-08,VIC,2018-10-08
A/SouthAustralia/199/2018|EPI_ISL_334087|SA|2018-11-20,SA,2018-11-20
A/Brisbane/1016/2018|EPI_ISL_333937|QLD|2018-09-24,QLD,2018-09-24
A/SouthAustralia/116/2018|EPI_ISL_332793|SA|2018-10-08,SA,2018-10-08
A/Tasmania/1001/2018|EPI_ISL_332745|TAS|2018-10-02,TAS,2018-10-02
A/Victoria/1004/2018|EPI_ISL_332744|VIC|2018-10-03,VIC,2018-10-03
A/Victoria/909/2018|EPI_ISL_332743|VIC|2018-10-27,VIC,2018-10-27
A/SouthAustralia/75/2018|EPI_ISL_332740|SA|2018-09-21,SA,2018-09-21
A/Sydney/182/2018|EPI_ISL_332734|NSW|2018-10-18,NSW,2018-10-18
A/SouthAustralia/1023/2018|EPI_ISL_332733|SA|2018-09-28,SA,2018-09-28
A/Perth/1029/2018|EPI_ISL_332732|WA|2018-09-21,WA,2018-09-21
A/SouthAustralia/123/2018|EPI_ISL_332656|SA|2018-10-10,SA,2018-10-10
A/SouthAustralia/1028/2018|EPI_ISL_332647|SA|2018-10-13,SA,2018-10-13
A/Brisbane/36/2018|EPI_ISL_331890|QLD|2018-03-24,QLD,2018-03-24
A/Victoria/23/2018|EPI_ISL_331784|VIC|2018-10-01,VIC,2018-10-01
A/Perth/103/2018|EPI_ISL_331777|WA|2018-09-03,WA,2018-09-03
A/Sydney/179/2018|EPI_ISL_331776|NSW|2018-10-07,NSW,2018-10-07
A/Victoria/2042/2018|EPI_ISL_331775|VIC|2018-08-28,VIC,2018-08-28
A/Victoria/2038/2018|EPI_ISL_330734|VIC|2018-08-22,VIC,2018-08-22
A/Perth/1024/2018|EPI_ISL_330114|WA|2018-09-06,WA,2018-09-06
A/Sydney/22/2018|EPI_ISL_330026|NSW|2018-03-03,NSW,2018-03-03
A/Brisbane/43/2018|EPI_ISL_330023|Queensland|2018-04-07,Queensland,2018-04-07
A/Brisbane/34/2018|EPI_ISL_330022|Queensland|2018-03-17,Queensland,2018-03-17
A/Canberra/9/2018|EPI_ISL_329735|ACT|2018-06-14,ACT,2018-06-14
A/Newcastle/19/2018|EPI_ISL_329733|NSW|2018-03-12,NSW,2018-03-12
A/SouthAustralia/22/2018|EPI_ISL_323115|SA|2018-08-01,SA,2018-08-01
A/Perth/43/2018|EPI_ISL_323050|WA|2018-07-12,WA,2018-07-12
A/Newcastle/48/2018|EPI_ISL_323048|NSW|2018-08-12,NSW,2018-08-12
A/Townsville/23/2018|EPI_ISL_322727|QLD|2018-07-21,QLD,2018-07-21
A/Brisbane/115/2018|EPI_ISL_322717|QLD|2018-07-19,QLD,2018-07-19
A/Brisbane/106/2018|EPI_ISL_322716|QLD|2018-07-05,QLD,2018-07-05
A/Brisbane/101/2018|EPI_ISL_322714|QLD|2018-07-02,QLD,2018-07-02
A/SouthAustralia/1009/2018|EPI_ISL_322342|SA|2018-07-17,SA,2018-07-17
A/Sydney/515/2018|EPI_ISL_322339|NSW|2018-04-21,NSW,2018-04-21
A/Newcastle/9/2018|EPI_ISL_321457|NSW|2018-02-21,NSW,2018-02-21
A/Sydney/34/2018|EPI_ISL_321455|NSW|2018-04-13,NSW,2018-04-13
A/Sydney/68/2018|EPI_ISL_321451|NSW|2018-07-02,NSW,2018-07-02
A/SouthAustralia/10/2018|EPI_ISL_320966|SA|2018-04-03,SA,2018-04-03
A/Brisbane/32/2018|EPI_ISL_320942|QLD|2018-03-13,QLD,2018-03-13
A/Brisbane/40/2018|EPI_ISL_320940|QLD|2018-04-04,QLD,2018-04-04
A/Brisbane/64/2018|EPI_ISL_320401|QLD|2018-05-21,QLD,2018-05-21
A/Sydney/1002/2018|EPI_ISL_320399|NSW|2018-06-08,NSW,2018-06-08
A/SouthAustralia/12/2018|EPI_ISL_320398|SA|2018-05-29,SA,2018-05-29
A/SouthAustralia/13/2018|EPI_ISL_320397|SA|2018-05-29,SA,2018-05-29
A/Newcastle/13/2018|EPI_ISL_320380|NSW|2018-03-13,NSW,2018-03-13
A/Newcastle/11/2018|EPI_ISL_320378|NSW|2018-03-23,NSW,2018-03-23
A/Brisbane/58/2018|EPI_ISL_320361|QLD|2018-04-24,QLD,2018-04-24
A/Brisbane/25/2018|EPI_ISL_314628|QLD|2018-02-23,QLD,2018-02-23
A/Darwin/1000/2018|EPI_ISL_314623|NT|2018-01-23,NT,2018-01-23
A/SouthAustralia/2/2018|EPI_ISL_314620|SA|2018-01-06,SA,2018-01-06
A/SouthAustralia/5/2018|EPI_ISL_314619|SA|2018-01-24,SA,2018-01-24
A/SouthAustralia/1/2018|EPI_ISL_314614|SA|2018-01-04,SA,2018-01-04
A/SouthAustralia/3/2018|EPI_ISL_314613|SA|2018-01-08,SA,2018-01-08
A/SouthAustralia/7/2018|EPI_ISL_314611|SA|2018-03-11,SA,2018-03-11
A/Sydney/15/2018|EPI_ISL_314608|NSW|2018-03-03,NSW,2018-03-03
A/Sydney/18/2018|EPI_ISL_314607|NSW|2018-03-06,NSW,2018-03-06
A/Sydney/25/2018|EPI_ISL_314604|NSW|2018-01-27,NSW,2018-01-27
A/Brisbane/45/2018|EPI_ISL_314602|QLD|2018-04-17,QLD,2018-04-17
A/Brisbane/57/2018|EPI_ISL_314015|QLD|2018-05-09,QLD,2018-05-09
A/SouthAustralia/11/2018|EPI_ISL_313815|SA|2018-04-03,SA,2018-04-03
A/Sydney/1000/2018|EPI_ISL_313813|NSW|2018-03-14,NSW,2018-03-14
A/Townsville/04/2018|EPI_ISL_313811|QLD|2018-03-12,QLD,2018-03-12
A/Sydney/1196/2017|EPI_ISL_313422|NSW|2017-09-20,NSW,2017-09-20
A/Perth/262/2017|EPI_ISL_313398|WA|2017-09-15,WA,2017-09-15
A/Perth/207/2017|EPI_ISL_313396|WA|2017-09-01,WA,2017-09-01
A/Victoria/133/2017|EPI_ISL_313385|VIC|2017-08-21,VIC,2017-08-21
A/Victoria/123/2017|EPI_ISL_313384|VIC|2017-08-24,VIC,2017-08-24
A/Victoria/118/2017|EPI_ISL_313383|VIC|2017-08-24,VIC,2017-08-24
A/Victoria/72/2017|EPI_ISL_313376|VIC|2017-07-31,VIC,2017-07-31
A/Victoria/120/2017|EPI_ISL_313363|VIC|2017-08-19,VIC,2017-08-19
A/Brisbane/207/2017|EPI_ISL_312606|QLD|2017-12-17,QLD,2017-12-17
A/SouthAustralia/269/2017|EPI_ISL_312604|SA|2017-12-06,SA,2017-12-06
A/Victoria/946/2017|EPI_ISL_312221|VIC|2017-06-16,VIC,2017-06-16
A/Sydney/3/2018|EPI_ISL_312180|NSW|2018-01-26,NSW,2018-01-26
A/Brisbane/203/2017|EPI_ISL_312177|QLD|2017-11-30,QLD,2017-11-30
A/Brisbane/201/2017|EPI_ISL_312176|QLD|2017-11-26,QLD,2017-11-26
A/Brisbane/198/2017|EPI_ISL_312174|QLD|2017-11-19,QLD,2017-11-19
A/Brisbane/196/2017|EPI_ISL_312172|QLD|2017-11-11,QLD,2017-11-11
A/Sydney/12/2018|EPI_ISL_312167|NSW|2018-01-13,NSW,2018-01-13
A/Sydney/11/2018|EPI_ISL_312166|NSW|2018-01-19,NSW,2018-01-19
A/Brisbane/22/2018|EPI_ISL_312160|QLD|2018-02-17,QLD,2018-02-17
A/Brisbane/17/2018|EPI_ISL_312158|QLD|2018-02-09,QLD,2018-02-09
A/Brisbane/14/2018|EPI_ISL_312156|QLD|2018-02-01,QLD,2018-02-01
A/Brisbane/13/2018|EPI_ISL_312155|QLD|2018-02-03,QLD,2018-02-03
A/Brisbane/11/2018|EPI_ISL_312153|QLD|2018-01-31,QLD,2018-01-31
A/Brisbane/07/2018|EPI_ISL_312150|QLD|2018-01-04,QLD,2018-01-04
A/Newcastle/206/2017|EPI_ISL_312146|NSW|2017-12-11,NSW,2017-12-11
A/Canberra/7/2016|EPI_ISL_308756|ACT|2016-04-10,ACT,2016-04-10
A/Brisbane/185/2017|EPI_ISL_305343|QLD|2017-10-30,QLD,2017-10-30
A/Townsville/18/2017|EPI_ISL_299661|QLD|2017-12-29,QLD,2017-12-29
A/Sydney/1200/2017|EPI_ISL_299642|NSW|2017-09-28,NSW,2017-09-28
A/Brisbane/1097/2017|EPI_ISL_299639|QLD|2017-03-10,QLD,2017-03-10
A/Sydney/224/2017|EPI_ISL_299607|NSW|2017-12-04,NSW,2017-12-04
A/Perth/329/2017|EPI_ISL_293832|WA|2017-10-14,WA,2017-10-14
A/Victoria/899/2017|EPI_ISL_293815|VIC|2017-10-11,VIC,2017-10-11
A/Brisbane/185/2017|EPI_ISL_293799|QLD|2017-10-30,QLD,2017-10-30
A/Tasmania/69/2017|EPI_ISL_293788|TAS|2017-10-23,TAS,2017-10-23
A/Victoria/192/2017|EPI_ISL_293781|VIC|2017-09-07,VIC,2017-09-07
A/Victoria/943/2017|EPI_ISL_293773|VIC|2017-09-20,VIC,2017-09-20
A/Victoria/201/2017|EPI_ISL_293770|VIC|2017-09-15,VIC,2017-09-15
A/Perth/225/2017|EPI_ISL_293765|WA|2017-09-06,WA,2017-09-06
A/Victoria/893/2017|EPI_ISL_291362|VIC|2017-10-04,VIC,2017-10-04
A/Victoria/208/2017|EPI_ISL_291354|VIC|2017-09-21,VIC,2017-09-21
A/Victoria/871/2017|EPI_ISL_291353|VIC|2017-09-22,VIC,2017-09-22
A/SouthAustralia/246/2017|EPI_ISL_291337|SA|2017-09-05,SA,2017-09-05
A/Victoria/870/2017|EPI_ISL_291317|VIC|2017-09-21,VIC,2017-09-21
A/Victoria/746/2017|EPI_ISL_291277|VIC|2017-09-09,VIC,2017-09-09
A/Victoria/624/2017|EPI_ISL_291271|VIC|2017-08-11,VIC,2017-08-11
A/Victoria/745/2017|EPI_ISL_289911|VIC|2017-09-09,VIC,2017-09-09
